id,产品名称,规格,单位,品牌,品牌简写,品牌代码,分类,分类代码,分类简称,分类slug,产品编码,图片,描述,价格
3a0bccc66f21,高师傅菠萝果肉馅,1*4*3kg,桶,高师傅,高师傅,010,果馅/果干/果酱,006,果馅/果酱,fruit-filling-puree-jam,005010273,,规格: 1*4*3kg / 单位: 桶,
7c84490737e4,高师傅蓝莓果肉馅,1*4*3kg,桶,高师傅,高师傅,010,果馅/果干/果酱,006,果馅/果酱,fruit-filling-puree-jam,005010274,,规格: 1*4*3kg / 单位: 桶,
402c03a2d19e,高师傅草莓果肉馅,1*4*3kg,桶,高师傅,高师傅,010,果馅/果干/果酱,006,果馅/果酱,fruit-filling-puree-jam,005010275,,规格: 1*4*3kg / 单位: 桶,
29327b7dc732,高师傅芒果果肉馅,1*4*3kg,桶,高师傅,高师傅,010,果馅/果干/果酱,006,果馅/果酱,fruit-filling-puree-jam,005010276,,规格: 1*4*3kg / 单位: 桶,
f5a1bb9e8020,高师傅芒果果茸,1*6*1kg,桶,高师傅,高师傅,010,果馅/果干/果酱,006,果馅/果酱,fruit-filling-puree-jam,005010277,,规格: 1*6*1kg / 单位: 桶,
fd26d55f5f4d,高师傅蓝莓果茸,1*6*1kg,桶,高师傅,高师傅,010,果馅/果干/果酱,006,果馅/果酱,fruit-filling-puree-jam,005010278,,规格: 1*6*1kg / 单位: 桶,
78e80d89cfe8,高师傅草莓果茸,1*6*1kg,桶,高师傅,高师傅,010,果馅/果干/果酱,006,果馅/果酱,fruit-filling-puree-jam,005010279,,规格: 1*6*1kg / 单位: 桶,
0b9299c452b4,高师傅覆盆子果茸,1*6*1kg,桶,高师傅,高师傅,010,果馅/果干/果酱,006,果馅/果酱,fruit-filling-puree-jam,005010280,,规格: 1*6*1kg / 单位: 桶,
b2af7687f0ff,高师傅芒果果粒馅,1*4*3kg,桶,高师傅,高师傅,010,果馅/果干/果酱,006,果馅/果酱,fruit-filling-puree-jam,005010001,,规格: 1*4*3kg / 单位: 桶,
51a49cf147af,利好枣泥馅（3）,1*3*5kg,箱,利好,利好,111,装饰/插件/翻糖,011,装饰/翻糖,decorations-toppers-fondant,011111002,,规格: 1*3*5kg / 单位: 箱,
157ec335fe08,利好山楂馅（3）,1*3*5kg,箱,利好,利好,111,装饰/插件/翻糖,011,装饰/翻糖,decorations-toppers-fondant,011111003,,规格: 1*3*5kg / 单位: 箱,
09ad1b7ed728,利好豆沙馅,1*3*5kg,箱,利好,利好,111,装饰/插件/翻糖,011,装饰/翻糖,decorations-toppers-fondant,011111004,,规格: 1*3*5kg / 单位: 箱,
430f2e6a163a,M油豆沙C（DIY）（鲁樱）整箱,4*5Kg,箱,鲁樱,鲁樱,115,装饰/插件/翻糖,011,装饰/翻糖,decorations-toppers-fondant,011115005,,规格: 4*5Kg / 单位: 箱,
4cc912513a3d,糖纳红小豆馅料（鲁樱整箱）,1*6*3kg,箱,鲁樱,鲁樱,115,辅料/添加剂,012,辅料/添加,additives,012115006,,规格: 1*6*3kg / 单位: 箱,
d4f0b1057373,粒馅（鲁樱）整箱,4*5kg,箱,鲁樱,鲁樱,115,装饰/插件/翻糖,011,装饰/翻糖,decorations-toppers-fondant,011115007,,规格: 4*5kg / 单位: 箱,
28a480b1adcf,嘉焙F1烘焙猪肉松（金黄）,1*6*2.5,袋,嘉焙,嘉焙,120,肉制品/香肠/培根,010,肉制品,meat-sausage-bacon,006120287,,规格: 1*6*2.5 / 单位: 袋,
04555ca34249,嘉焙海苔贝贝肉松,1*10*1kg,袋,嘉焙,嘉焙,120,肉制品/香肠/培根,010,肉制品,meat-sausage-bacon,006120288,,规格: 1*10*1kg / 单位: 袋,
d095b400871a,可可琳纳浓郁黑巧克力纽扣58%,1*5*1kg,袋,可可琳纳,可可琳纳,108,巧克力/可可,004,巧克力,chocolate-cocoa,004108218,,规格: 1*5*1kg / 单位: 袋,
3ac796869431,可可琳纳代可可脂巧克力豆（耐烤）,1*5*1kg,袋,可可琳纳,可可琳纳,108,巧克力/可可,004,巧克力,chocolate-cocoa,004108219,,规格: 1*5*1kg / 单位: 袋,
b74f348e1200,可可琳纳代可可脂奶香白巧克力,1*10块*1kg,袋,可可琳纳,可可琳纳,108,巧克力/可可,004,巧克力,chocolate-cocoa,004108220,,规格: 1*10块*1kg / 单位: 袋,
e1374e1bd677,可可琳纳代可可脂草莓味巧克力,1*10块*1kg,袋,可可琳纳,可可琳纳,108,巧克力/可可,004,巧克力,chocolate-cocoa,004108221,,规格: 1*10块*1kg / 单位: 袋,
e562b39c63e2,可可琳纳香浓黑巧克力,1*10块*1kg,袋,可可琳纳,可可琳纳,108,巧克力/可可,004,巧克力,chocolate-cocoa,004108222,,规格: 1*10块*1kg / 单位: 袋,
b993588417d1,巧乐尚64%纯脂黑巧克力币,1kg*10,袋,巧乐尚,巧乐尚,112,巧克力/可可,004,巧克力,chocolate-cocoa,004112223,,规格: 1kg*10 / 单位: 袋,
972565deebed,巧乐尚55%纯脂黑巧克力币,1kg*10,袋,巧乐尚,巧乐尚,112,巧克力/可可,004,巧克力,chocolate-cocoa,004112224,,规格: 1kg*10 / 单位: 袋,
9a8e280217c1,巧乐尚耐烤巧克力豆（代可可脂）,1kg*10,袋,巧乐尚,巧乐尚,112,巧克力/可可,004,巧克力,chocolate-cocoa,004112225,,规格: 1kg*10 / 单位: 袋,
fd0d3ab79d38,巧乐尚纯脂黑巧克力脆脆球,1kg*10,袋,巧乐尚,巧乐尚,112,巧克力/可可,004,巧克力,chocolate-cocoa,004112226,,规格: 1kg*10 / 单位: 袋,
bd3e1368ddf3,巧乐尚32%纯脂白巧克力币,1kg*10,袋,巧乐尚,巧乐尚,112,巧克力/可可,004,巧克力,chocolate-cocoa,004112227,,规格: 1kg*10 / 单位: 袋,
d7564cfedbd2,片状巧克力味酱（不二）,1*10*0.6kg,箱,不二,不二,006,巧克力/可可,004,巧克力,chocolate-cocoa,004006228,,规格: 1*10*0.6kg / 单位: 箱,
da7f249b6460,片状可丝达蛋黄（不二）,1*10*0.6kg,箱,不二,不二,006,冷冻点心/速冻半成品,001,冷冻半成品,frozen-pastries-semi-finished,001006008,,规格: 1*10*0.6kg / 单位: 箱,
bc8313eda239,可丝达酱（巧克力味）（不二）,1*6*1kg,箱,不二,不二,006,冷冻点心/速冻半成品,001,冷冻半成品,frozen-pastries-semi-finished,001006229,,规格: 1*6*1kg / 单位: 箱,
9044049256cc,可丝达酱（蛋奶味）（不二）,1*6*1kg,箱,不二,不二,006,冷冻点心/速冻半成品,001,冷冻半成品,frozen-pastries-semi-finished,001006009,,规格: 1*6*1kg / 单位: 箱,
3b4d03a0e9aa,可丝达酱（酸奶味）（不二）,1*6*1kg,箱,不二,不二,006,冷冻点心/速冻半成品,001,冷冻半成品,frozen-pastries-semi-finished,001006010,,规格: 1*6*1kg / 单位: 箱,
ee74d89d0b27,西点奶油夹心（奶酪味）（不二）,1*6*1kg,箱,不二,不二,006,调味酱/沙拉酱,002,调味/沙拉,sauces-salad-dressing,002006152,,规格: 1*6*1kg / 单位: 箱,
8ccd2cf9b753,日式乳酸风味（馅料）（不二）,1*6*1kg,箱,不二,不二,006,装饰/插件/翻糖,011,装饰/翻糖,decorations-toppers-fondant,011006011,,规格: 1*6*1kg / 单位: 箱,
e2c2d9e5f13e,夹心巧克力-SOFT(不二),1*5kg,箱,不二,不二,006,巧克力/可可,004,巧克力,chocolate-cocoa,004006230,,规格: 1*5kg / 单位: 箱,
691b1f5f5334,北海道风味黄奶油（不二）,1*10kg,箱,不二,不二,006,调味酱/沙拉酱,002,调味/沙拉,sauces-salad-dressing,002006153,,规格: 1*10kg / 单位: 箱,
57bd77369dd8,乐奇含乳脂植脂奶油（不二）,1*12*1,箱,不二,不二,006,调味酱/沙拉酱,002,调味/沙拉,sauces-salad-dressing,002006154,,规格: 1*12*1 / 单位: 箱,
5e95a005b7bb,不二便利巧克力（黑）（不二）,1*10kg,块,不二,不二,006,巧克力/可可,004,巧克力,chocolate-cocoa,004006231,,规格: 1*10kg / 单位: 块,
bb435d3b2388,不二便利巧克力（白）（不二）,1*10kg,块,不二,不二,006,巧克力/可可,004,巧克力,chocolate-cocoa,004006232,,规格: 1*10kg / 单位: 块,
f07fc7720861,液态奶油（牛奶味）（不二）,1*16kg,桶,不二,不二,006,调味酱/沙拉酱,002,调味/沙拉,sauces-salad-dressing,002006155,,规格: 1*16kg / 单位: 桶,
8bdd85f20dbe,乐奇#淡奶油奶油（脂肪乳化制品）（不二）,1*12*1L,箱,不二,不二,006,调味酱/沙拉酱,002,调味/沙拉,sauces-salad-dressing,002006156,,规格: 1*12*1L / 单位: 箱,
6b2c27550521,可丝达酱（劲爽青柠味）（不二）,1*6*1kg,箱,不二,不二,006,冷冻点心/速冻半成品,001,冷冻半成品,frozen-pastries-semi-finished,001006012,,规格: 1*6*1kg / 单位: 箱,
6c315dc209b2,30g德式香肠（烘焙用）安心吗（大成）,1*12*1kg,袋,大成,大成,003,肉制品/香肠/培根,010,肉制品,meat-sausage-bacon,006003289,,规格: 1*12*1kg / 单位: 袋,
78d44f54efb2,迷你德式香肠（原味）（大成）,1*10*1kg,袋,大成,大成,003,肉制品/香肠/培根,010,肉制品,meat-sausage-bacon,006003290,,规格: 1*10*1kg / 单位: 袋,
ad57e6709652,50g德式香肠（经典版）（大成）,1*12*1kg,袋,大成,大成,003,肉制品/香肠/培根,010,肉制品,meat-sausage-bacon,006003291,,规格: 1*12*1kg / 单位: 袋,
8eb490b57527,超值培根（安心码）（大成）,1*12*1kg,袋,大成,大成,003,肉制品/香肠/培根,010,肉制品,meat-sausage-bacon,006003292,,规格: 1*12*1kg / 单位: 袋,
120807dcc11a,香薰鸡肉片（大成）,1*12*1kg,袋,大成,大成,003,肉制品/香肠/培根,010,肉制品,meat-sausage-bacon,006003013,,规格: 1*12*1kg / 单位: 袋,
240a7926aca8,切片火腿（安心码）大成,1*24*500g,袋,大成,大成,003,肉制品/香肠/培根,010,肉制品,meat-sausage-bacon,006003014,,规格: 1*24*500g / 单位: 袋,
c8d1084c2978,早餐腿排（奥尔良味）烘焙（大成）,1*10*1kg,袋,大成,大成,003,肉制品/香肠/培根,010,肉制品,meat-sausage-bacon,099003015,,规格: 1*10*1kg / 单位: 袋,
cc0198db06d1,WOW鸡扒奥尔良（大胸）/65-80（大成）,1*4*2.2kg,袋,大成,大成,003,肉制品/香肠/培根,010,肉制品,meat-sausage-bacon,099003016,,规格: 1*4*2.2kg / 单位: 袋,
0ac1a44d8857,32cm德式香肠Jay（大成）,1*12*1kg,袋,大成,大成,003,肉制品/香肠/培根,010,肉制品,meat-sausage-bacon,006003293,,规格: 1*12*1kg / 单位: 袋,
cf95ee9f8615,可丽鸡排（奥尔良味）（大成）,1*8*1.25kg,袋,大成,大成,003,肉制品/香肠/培根,010,肉制品,meat-sausage-bacon,099003017,,规格: 1*8*1.25kg / 单位: 袋,
682ac997aa44,烘焙肉扒（大成）,1*8*1.3kg,袋,大成,大成,003,肉制品/香肠/培根,010,肉制品,meat-sausage-bacon,006003294,,规格: 1*8*1.3kg / 单位: 袋,
3c1513198e33,早餐腿排（藤椒味）烘焙版（大成）,1*10*1kg,袋,大成,大成,003,肉制品/香肠/培根,010,肉制品,meat-sausage-bacon,099003018,,规格: 1*10*1kg / 单位: 袋,
e950a01af2eb,十三香地道肠（大成）,1*10*1kg,袋,大成,大成,003,肉制品/香肠/培根,010,肉制品,meat-sausage-bacon,099003019,,规格: 1*10*1kg / 单位: 袋,
9299c51b9b0f,台式地道烤肠（大成）,1*12-600G,袋,大成,大成,003,肉制品/香肠/培根,010,肉制品,meat-sausage-bacon,006003020,,规格: 1*12-600G / 单位: 袋,
8fe35c0c569b,3A+海苔酥脆松（大成）,1*10*1KG,袋,大成,大成,003,肉制品/香肠/培根,010,肉制品,meat-sausage-bacon,099003021,,规格: 1*10*1KG / 单位: 袋,
a0615fbbd88e,5A海苔肉松（大成）,1*10*1KG,袋,大成,大成,003,肉制品/香肠/培根,010,肉制品,meat-sausage-bacon,006003295,,规格: 1*10*1KG / 单位: 袋,
09f81ba9d979,德式香肠（烘焙21c）大成,1*10*1.2KG,袋,大成,大成,003,肉制品/香肠/培根,010,肉制品,meat-sausage-bacon,006003296,,规格: 1*10*1.2KG / 单位: 袋,
ba9f97ee10ab,日式烘焙肉扒（大成）,1*8*1.3kg,袋,大成,大成,003,肉制品/香肠/培根,010,肉制品,meat-sausage-bacon,006003297,,规格: 1*8*1.3kg / 单位: 袋,
f9f305545bf1,烘焙脆鸡排（大成）,1*10*1KG,袋,大成,大成,003,肉制品/香肠/培根,010,肉制品,meat-sausage-bacon,099003022,,规格: 1*10*1KG / 单位: 袋,
9d282dc39c0a,黑椒牛肉切片（大成）,1*10*1KG,袋,大成,大成,003,肉制品/香肠/培根,010,肉制品,meat-sausage-bacon,006003023,,规格: 1*10*1KG / 单位: 袋,
889fd6ace0be,黑椒牛肉馅（大成）,1*10*1KG,袋,大成,大成,003,肉制品/香肠/培根,010,肉制品,meat-sausage-bacon,006003024,,规格: 1*10*1KG / 单位: 袋,
bea3097e22b9,烘焙烧烤肉排（大成）,1*8*1.25kg,袋,大成,大成,003,肉制品/香肠/培根,010,肉制品,meat-sausage-bacon,006003025,,规格: 1*8*1.25kg / 单位: 袋,
0a12fbdd1228,原味牛肉切片（大成）,1*10*1kg,袋,大成,大成,003,肉制品/香肠/培根,010,肉制品,meat-sausage-bacon,006003026,,规格: 1*10*1kg / 单位: 袋,
c43147c44d27,维益金钻牌甜点植脂奶油（21652）,1*12*907g,箱,维益,维益,002,调味酱/沙拉酱,002,调味/沙拉,sauces-salad-dressing,002002157,,规格: 1*12*907g / 单位: 箱,
761d14e11a35,金钻含乳脂混合脂奶油(维益)14325,1*12*907g,箱,维益,维益,002,调味酱/沙拉酱,002,调味/沙拉,sauces-salad-dressing,002002158,,规格: 1*12*907g / 单位: 箱,
d15a007a9833,金钻清恬植脂奶油(维益)06985,1*12*907g,箱,维益,维益,002,调味酱/沙拉酱,002,调味/沙拉,sauces-salad-dressing,002002159,,规格: 1*12*907g / 单位: 箱,
56f4f13778c1,凝白甜点植脂奶油（维益）07474,1*12*907g,箱,维益,维益,002,调味酱/沙拉酱,002,调味/沙拉,sauces-salad-dressing,002002160,,规格: 1*12*907g / 单位: 箱,
f54de85678d3,凝白混合脂奶油（维益）21616,1*12*907g,箱,维益,维益,002,调味酱/沙拉酱,002,调味/沙拉,sauces-salad-dressing,002002161,,规格: 1*12*907g / 单位: 箱,
8c982cf4ff97,爱护牌植脂甜奶油00906（维益）,1*12*907g,箱,维益,维益,002,调味酱/沙拉酱,002,调味/沙拉,sauces-salad-dressing,002002162,,规格: 1*12*907g / 单位: 箱,
3b7edad3bf0b,葡挞专用奶油(维益),1*12*907g,箱,维益,维益,002,调味酱/沙拉酱,002,调味/沙拉,sauces-salad-dressing,002002163,,规格: 1*12*907g / 单位: 箱,
2b6055d2a822,巧克力风味植脂奶油（维益）21649,1*12*907g,箱,维益,维益,002,调味酱/沙拉酱,002,调味/沙拉,sauces-salad-dressing,002002164,,规格: 1*12*907g / 单位: 箱,
bb92644bf500,爱真牧场稀奶油（维益）,1*12*1L,箱,维益,维益,002,调味酱/沙拉酱,002,调味/沙拉,sauces-salad-dressing,002002165,,规格: 1*12*1L / 单位: 箱,
ffe74e9146e3,爱真稀奶油（38%）（维益）整箱,1*12*1L,箱,维益,维益,002,调味酱/沙拉酱,002,调味/沙拉,sauces-salad-dressing,002002166,,规格: 1*12*1L / 单位: 箱,
4abdd7a58aa4,爱真稀奶油300+ (维益）,1*12*1KG,箱,维益,维益,002,调味酱/沙拉酱,002,调味/沙拉,sauces-salad-dressing,002002167,,规格: 1*12*1KG / 单位: 箱,
8361bf8bbf55,爱真稀奶油Pro(维益）,1*12*1KG,箱,维益,维益,002,调味酱/沙拉酱,002,调味/沙拉,sauces-salad-dressing,002002168,,规格: 1*12*1KG / 单位: 箱,
3d59d7a661db,牛奶奶油（脂肪乳化制品）(维益）16392,1*12*907g,箱,维益,维益,002,调味酱/沙拉酱,002,调味/沙拉,sauces-salad-dressing,002002169,,规格: 1*12*907g / 单位: 箱,
98e2cada0a62,和牧动植物混合脂奶油1(维益)05442,1*12*907g,箱,维益,维益,002,调味酱/沙拉酱,002,调味/沙拉,sauces-salad-dressing,002002170,,规格: 1*12*907g / 单位: 箱,
f467ccef503a,领优混合脂奶油（维益）（21651）,1*12*907g,箱,维益,维益,002,调味酱/沙拉酱,002,调味/沙拉,sauces-salad-dressing,002002171,,规格: 1*12*907g / 单位: 箱,
413467baecaf,维益奶油布蕾布丁05454,1*24*420g,盒,维益,维益,002,调味酱/沙拉酱,002,调味/沙拉,sauces-salad-dressing,002002172,,规格: 1*24*420g / 单位: 盒,
20475d73c13a,倍腾夹心奶油酱（维益）21608,1*12*907g,箱,维益,维益,002,调味酱/沙拉酱,002,调味/沙拉,sauces-salad-dressing,002002173,,规格: 1*12*907g / 单位: 箱,
83c98d819059,倍盛混合脂奶油（维益）（21656）,12*907g,箱,维益,维益,002,调味酱/沙拉酱,002,调味/沙拉,sauces-salad-dressing,002002174,,规格: 12*907g / 单位: 箱,
6e9d7c445b1a,马斯卡彭风味淡奶油（维益）,12*1kg,箱,维益,维益,002,调味酱/沙拉酱,002,调味/沙拉,sauces-salad-dressing,002002175,,规格: 12*1kg / 单位: 箱,
24548bd85d9d,双莓库利果冻（维益）,1*24*480g,盒,维益,维益,002,牛奶/乳饮,007,乳饮,milk-dairy-drinks,099002027,,规格: 1*24*480g / 单位: 盒,
5bd7a32c10f5,生牛乳淡奶油（维益）,12*1kg,箱,维益,维益,002,调味酱/沙拉酱,002,调味/沙拉,sauces-salad-dressing,002002176,,规格: 12*1kg / 单位: 箱,
a0c00471edbf,严选牛奶奶油（维益）,1*12*907g,箱,维益,维益,002,调味酱/沙拉酱,002,调味/沙拉,sauces-salad-dressing,002002177,,规格: 1*12*907g / 单位: 箱,
30faf3284729,维益稀奶油挞缇（24734）,1*12*907g,箱,维益,维益,002,调味酱/沙拉酱,002,调味/沙拉,sauces-salad-dressing,002002178,,规格: 1*12*907g / 单位: 箱,
cb9f285ffe6c,维益稀奶油风味蛋挞液,12*907g,箱,维益,维益,002,调味酱/沙拉酱,002,调味/沙拉,sauces-salad-dressing,002002179,,规格: 12*907g / 单位: 箱,
9d5cde249203,爱真®稀奶油（36%）维益,1*12*1L,箱,维益,维益,002,调味酱/沙拉酱,002,调味/沙拉,sauces-salad-dressing,002002180,,规格: 1*12*1L / 单位: 箱,
f2ed57714bc5,安佳奶油干酪,1*12*1kg,盒,安佳,安佳,004,调味酱/沙拉酱,002,调味/沙拉,sauces-salad-dressing,002004181,,规格: 1*12*1kg / 单位: 盒,
6af642434b5b,安佳奶油干酪1kg（整箱）,12*1Kg,箱,安佳,安佳,004,调味酱/沙拉酱,002,调味/沙拉,sauces-salad-dressing,002004182,,规格: 12*1Kg / 单位: 箱,
ca31baa31f26,安佳奶油干酪（4*5）,1*4*5kg,袋,安佳,安佳,004,调味酱/沙拉酱,002,调味/沙拉,sauces-salad-dressing,002004183,,规格: 1*4*5kg / 单位: 袋,
d8407be24f30,安佳奶油干酪20kg（新版）,1*20kg,箱,安佳,安佳,004,调味酱/沙拉酱,002,调味/沙拉,sauces-salad-dressing,002004184,,规格: 1*20kg / 单位: 箱,
2d2a80b084b1,安佳块状马苏里拉干酪,1*2*10kg,箱,安佳,安佳,004,罐头/蜜饯,009,罐头/蜜饯,canned-preserves,009004298,,规格: 1*2*10kg / 单位: 箱,
9e8231c0a258,安佳碎条状马苏里拉干酪,1*12kg,箱,安佳,安佳,004,罐头/蜜饯,009,罐头/蜜饯,canned-preserves,009004299,,规格: 1*12kg / 单位: 箱,
dcff21987d1d,安佳芝易马苏里拉干酪碎（袋）,1*12*1kg,袋,安佳,安佳,004,罐头/蜜饯,009,罐头/蜜饯,canned-preserves,009004300,,规格: 1*12*1kg / 单位: 袋,
17fad40821c7,安佳芝易马苏里拉干酪碎,1*12*1kg,箱,安佳,安佳,004,罐头/蜜饯,009,罐头/蜜饯,canned-preserves,009004301,,规格: 1*12*1kg / 单位: 箱,
50c1cc1a198b,安佳再制切达干酪（橙色）,10*1.04kg,箱,安佳,安佳,004,罐头/蜜饯,009,罐头/蜜饯,canned-preserves,009004302,,规格: 10*1.04kg / 单位: 箱,
50c1cc1a198b,安佳再制切达干酪（橙色）,10*1.04kg,袋,安佳,安佳,004,罐头/蜜饯,009,罐头/蜜饯,canned-preserves,009004303,,规格: 10*1.04kg / 单位: 袋,
52472f079757,安佳再制切达干酪（84片）,1*10*1.04kg,袋,安佳,安佳,004,罐头/蜜饯,009,罐头/蜜饯,canned-preserves,009004304,,规格: 1*10*1.04kg / 单位: 袋,
ccff560c0d68,安佳再制切达干酪（84片）（整箱）,10*1.04kg,箱,安佳,安佳,004,罐头/蜜饯,009,罐头/蜜饯,canned-preserves,009004305,,规格: 10*1.04kg / 单位: 箱,
493a0157a5c4,安佳超高温灭菌搅打稀奶油（淡奶）,1*12*1L,箱,安佳,安佳,004,调味酱/沙拉酱,002,调味/沙拉,sauces-salad-dressing,002004185,,规格: 1*12*1L / 单位: 箱,
5ba0462740f1,安佳多效稀奶油,1*12*1L,箱,安佳,安佳,004,调味酱/沙拉酱,002,调味/沙拉,sauces-salad-dressing,002004186,,规格: 1*12*1L / 单位: 箱,
018a351987d0,安佳乳酸黄油,1*25,箱,安佳,安佳,004,肉制品/香肠/培根,010,肉制品,meat-sausage-bacon,010004367,,规格: 1*25 / 单位: 箱,
4a4e535eaabc,安佳片状乳酸黄油,1*20,箱,安佳,安佳,004,肉制品/香肠/培根,010,肉制品,meat-sausage-bacon,010004368,,规格: 1*20 / 单位: 箱,
c94592f34b65,安佳黄油薄片20*1kg,20*1kg,箱,安佳,安佳,004,肉制品/香肠/培根,010,肉制品,meat-sausage-bacon,010004369,,规格: 20*1kg / 单位: 箱,
bb26cc82f3e2,安佳含盐黄油40*227g（方形）,40*227g,箱,安佳,安佳,004,肉制品/香肠/培根,010,肉制品,meat-sausage-bacon,010004370,,规格: 40*227g / 单位: 箱,
c82e648349da,安佳黄油（无盐）4*5kg,1*4*5kg,箱,安佳,安佳,004,肉制品/香肠/培根,010,肉制品,meat-sausage-bacon,010004371,,规格: 1*4*5kg / 单位: 箱,
64ea6f3ae847,安佳黄油25kg,1*25kg,箱,安佳,安佳,004,肉制品/香肠/培根,010,肉制品,meat-sausage-bacon,010004372,,规格: 1*25kg / 单位: 箱,
0a4d02a0138f,安佳芝易奶油干酪,1*20kg,箱,安佳,安佳,004,调味酱/沙拉酱,002,调味/沙拉,sauces-salad-dressing,002004187,,规格: 1*20kg / 单位: 箱,
abf660055ded,IW冷冻蓝莓果泥（英士顿）,1*6*1kg,盒,英士顿,英士顿,102,果馅/果干/果酱,006,果馅/果酱,fruit-filling-puree-jam,005102281,,规格: 1*6*1kg / 单位: 盒,
898f3ef6b566,IW冷冻草莓果泥（英士顿）,1*6*1kg,盒,英士顿,英士顿,102,果馅/果干/果酱,006,果馅/果酱,fruit-filling-puree-jam,005102282,,规格: 1*6*1kg / 单位: 盒,
7262c3b9d2ac,IW冷冻覆盆子果泥（英士顿）,1*6*1kg,盒,英士顿,英士顿,102,果馅/果干/果酱,006,果馅/果酱,fruit-filling-puree-jam,005102283,,规格: 1*6*1kg / 单位: 盒,
b032c891f582,IW冷冻芒果果泥（英士顿）,1*6*1kg,盒,英士顿,英士顿,102,果馅/果干/果酱,006,果馅/果酱,fruit-filling-puree-jam,005102284,,规格: 1*6*1kg / 单位: 盒,
edf949abb81b,巴伐利亚克林姆牛奶味（英士顿）,6*1kg,箱,英士顿,英士顿,102,调味酱/沙拉酱,002,调味/沙拉,sauces-salad-dressing,002102028,,规格: 6*1kg / 单位: 箱,
648a41041d8d,巴伐利亚克林姆（切达乳酪味）（英士顿）,1*6*1kg,箱,英士顿,英士顿,102,调味酱/沙拉酱,002,调味/沙拉,sauces-salad-dressing,002102029,,规格: 1*6*1kg / 单位: 箱,
b350ee5deb60,巴伐利亚克林姆（酸奶味）（英士顿）,1*6*1kg,箱,英士顿,英士顿,102,调味酱/沙拉酱,002,调味/沙拉,sauces-salad-dressing,002102030,,规格: 1*6*1kg / 单位: 箱,
588e84a4d1f4,巴伐利亚克林姆（椰子味）（英士顿）,1*6*1kg,箱,英士顿,英士顿,102,调味酱/沙拉酱,002,调味/沙拉,sauces-salad-dressing,002102031,,规格: 1*6*1kg / 单位: 箱,
f758ea2fdd81,巴伐利亚克林姆（香芋）（英士顿）,1*6*1kg,箱,英士顿,英士顿,102,调味酱/沙拉酱,002,调味/沙拉,sauces-salad-dressing,002102032,,规格: 1*6*1kg / 单位: 箱,
aa84f3dc3ab4,巴伐利亚克林姆（经典奶茶味）（英士顿）,1*6*1kg,箱,英士顿,英士顿,102,调味酱/沙拉酱,002,调味/沙拉,sauces-salad-dressing,002102033,,规格: 1*6*1kg / 单位: 箱,
3bc183e0c853,巴伐利亚克林姆（生椰拿铁）英士顿,1*6*1kg,箱,英士顿,英士顿,102,调味酱/沙拉酱,002,调味/沙拉,sauces-salad-dressing,002102034,,规格: 1*6*1kg / 单位: 箱,
ed6f9be990ff,巴伐利亚克林姆（开心果味）（英士顿）,1*6*1kg,箱,英士顿,英士顿,102,调味酱/沙拉酱,002,调味/沙拉,sauces-salad-dressing,002102035,,规格: 1*6*1kg / 单位: 箱,
a2bc73f597c8,巴伐利亚克林姆（榴莲味）（英士顿）,1*6*1kg,箱,英士顿,英士顿,102,调味酱/沙拉酱,002,调味/沙拉,sauces-salad-dressing,002102036,,规格: 1*6*1kg / 单位: 箱,
97d9ef5ce0a3,英士顿巧克力镜面淋酱（复合调味料）,1*6*2.3kg,桶,英士顿,英士顿,102,冷冻点心/速冻半成品,001,冷冻半成品,frozen-pastries-semi-finished,001102233,,规格: 1*6*2.3kg / 单位: 桶,
8e8e2bbc1504,英士顿现烤用镜面果胶（果酱味）,1*6*2.5kg,桶,英士顿,英士顿,102,冷冻点心/速冻半成品,001,冷冻半成品,frozen-pastries-semi-finished,001102037,,规格: 1*6*2.5kg / 单位: 桶,
3d33000bef84,榛子巧克力薄脆酱（英士顿）,1*6*2.3KG,桶,英士顿,英士顿,102,巧克力/可可,004,巧克力,chocolate-cocoa,004102234,,规格: 1*6*2.3KG / 单位: 桶,
473871dfdbbe,乳酪酱（英士顿）,1*2*5kg,桶,英士顿,英士顿,102,冷冻点心/速冻半成品,001,冷冻半成品,frozen-pastries-semi-finished,001102038,,规格: 1*2*5kg / 单位: 桶,
7e8d17fc809c,奶油芝士（干酪制品）1KG（英士顿）,12*1KG,盒,英士顿,英士顿,102,调味酱/沙拉酱,002,调味/沙拉,sauces-salad-dressing,002102188,,规格: 12*1KG / 单位: 盒,
362b2a3bc35e,奶油芝士（干酪制品）5kg（英士顿）,2*5kg,袋,英士顿,英士顿,102,调味酱/沙拉酱,002,调味/沙拉,sauces-salad-dressing,002102189,,规格: 2*5kg / 单位: 袋,
6cabfddcaa75,蓝米勒（蓝米吉）稀奶油(南侨),1*12,箱,南侨,南侨,110,调味酱/沙拉酱,002,调味/沙拉,sauces-salad-dressing,002110190,,规格: 1*12 / 单位: 箱,
253f29e1dc14,侨艺800淡奶油(动植物脂混合奶油)（南侨）,1*12*1L,箱,南侨,南侨,110,调味酱/沙拉酱,002,调味/沙拉,sauces-salad-dressing,002110191,,规格: 1*12*1L / 单位: 箱,
9e24a4118735,侨艺淡奶油-蛋糕专用（南侨）,1*12*1L,箱,南侨,南侨,110,调味酱/沙拉酱,002,调味/沙拉,sauces-salad-dressing,002110192,,规格: 1*12*1L / 单位: 箱,
af66559f60a3,南侨酥油/16kg纸箱CNO15,1*16kg,箱,南侨,南侨,110,肉制品/香肠/培根,010,肉制品,meat-sausage-bacon,010110373,,规格: 1*16kg / 单位: 箱,
43b58ae0c61b,南侨酥油/16kg铁桶CNO15,1*16kg,桶,南侨,南侨,110,肉制品/香肠/培根,010,肉制品,meat-sausage-bacon,010110374,,规格: 1*16kg / 单位: 桶,
c75b2b39950e,南侨澳仕奶油/10kg,1*10kg,箱,南侨,南侨,110,调味酱/沙拉酱,002,调味/沙拉,sauces-salad-dressing,002110193,,规格: 1*10kg / 单位: 箱,
0009f5f60be3,南侨澳仕丹麦奶油,1*10kg,箱,南侨,南侨,110,调味酱/沙拉酱,002,调味/沙拉,sauces-salad-dressing,002110194,,规格: 1*10kg / 单位: 箱,
11a6102522c6,南侨欧仕发酵奶油/10kg,1*10kg,箱,南侨,南侨,110,调味酱/沙拉酱,002,调味/沙拉,sauces-salad-dressing,002110195,,规格: 1*10kg / 单位: 箱,
4da9d43f3351,南侨欧仕发酵丹麦奶油,1*10kg,箱,南侨,南侨,110,调味酱/沙拉酱,002,调味/沙拉,sauces-salad-dressing,002110196,,规格: 1*10kg / 单位: 箱,
505e4901d1c4,南侨片状甜奶油（炼乳味）/10kg,1*10kg,箱,南侨,南侨,110,调味酱/沙拉酱,002,调味/沙拉,sauces-salad-dressing,002110197,,规格: 1*10kg / 单位: 箱,
be82be348033,南侨液态酥油/20kg,1*20kg,桶,南侨,南侨,110,肉制品/香肠/培根,010,肉制品,meat-sausage-bacon,010110375,,规格: 1*20kg / 单位: 桶,
40abca21bdc3,南侨液态酥油4*5,1*4*5,桶,南侨,南侨,110,肉制品/香肠/培根,010,肉制品,meat-sausage-bacon,010110376,,规格: 1*4*5 / 单位: 桶,
13213f55ac58,南侨维佳液态油/20kg,1*20kg,桶,南侨,南侨,110,肉制品/香肠/培根,010,肉制品,meat-sausage-bacon,010110039,,规格: 1*20kg / 单位: 桶,
65c1335bbf9b,南侨丹麦面包专用油/10kg,1*10kg,箱,南侨,南侨,110,肉制品/香肠/培根,010,肉制品,meat-sausage-bacon,099110040,,规格: 1*10kg / 单位: 箱,
0c99eb8767a6,王牌高级玛琪琳/15kg铁桶CNO15(南侨）,1*15kg,桶,南侨,南侨,110,肉制品/香肠/培根,010,肉制品,meat-sausage-bacon,010110377,,规格: 1*15kg / 单位: 桶,
17b74247f8d6,王牌酥片玛琪琳/10kg纸箱CNO15（南侨）,1*10kg,箱,南侨,南侨,110,肉制品/香肠/培根,010,肉制品,meat-sausage-bacon,010110378,,规格: 1*10kg / 单位: 箱,
c358a7304303,南侨维佳夹心奶油/10kg,1*10kg,箱,南侨,南侨,110,调味酱/沙拉酱,002,调味/沙拉,sauces-salad-dressing,002110198,,规格: 1*10kg / 单位: 箱,
f1d62b8d8427,南侨维佳烤焙奶油/10kg,1*10kg,箱,南侨,南侨,110,调味酱/沙拉酱,002,调味/沙拉,sauces-salad-dressing,002110199,,规格: 1*10kg / 单位: 箱,
1eed04570bb7,南侨鲜牛奶烤焙油,1*10kg,箱,南侨,南侨,110,调味酱/沙拉酱,002,调味/沙拉,sauces-salad-dressing,002110041,,规格: 1*10kg / 单位: 箱,
57e90d724c9e,玉峰牌高级雪白乳化油/15kg铁桶CNO15(南侨),1*15kg,桶,南侨,南侨,110,肉制品/香肠/培根,010,肉制品,meat-sausage-bacon,010110042,,规格: 1*15kg / 单位: 桶,
e201e4bb06e8,焙可诗即用馅料榛果巧克力（南侨）,1*6*750g,箱,南侨,南侨,110,巧克力/可可,004,巧克力,chocolate-cocoa,004110235,,规格: 1*6*750g / 单位: 箱,
cb28f98985f1,焙可诗即用馅料香缇蛋奶（南侨）,1*6*750g,箱,南侨,南侨,110,装饰/插件/翻糖,011,装饰/翻糖,decorations-toppers-fondant,011110043,,规格: 1*6*750g / 单位: 箱,
2f18199b3a8b,焙可芯香草卡仕达（南侨）,1*6*1kg,箱,南侨,南侨,110,冷冻点心/速冻半成品,001,冷冻半成品,frozen-pastries-semi-finished,001110044,,规格: 1*6*1kg / 单位: 箱,
209035a976c4,焙可芯海盐巧克力（南侨）,1*6*1kg,箱,南侨,南侨,110,巧克力/可可,004,巧克力,chocolate-cocoa,004110236,,规格: 1*6*1kg / 单位: 箱,
6deaac46cff7,焙可芯香浓芝士（南侨）,1*6*1kg,箱,南侨,南侨,110,罐头/蜜饯,009,罐头/蜜饯,canned-preserves,009110306,,规格: 1*6*1kg / 单位: 箱,
a9a4fb4c0796,南侨欧仕夹心奶油（蛋黄）,1*10kg,箱,南侨,南侨,110,调味酱/沙拉酱,002,调味/沙拉,sauces-salad-dressing,002110200,,规格: 1*10kg / 单位: 箱,
4dbf00b19f9f,吉悦淡奶油（南侨）,1*12.6kg,箱,南侨,南侨,110,调味酱/沙拉酱,002,调味/沙拉,sauces-salad-dressing,002110201,,规格: 1*12.6kg / 单位: 箱,
d1901b40ace0,维特利稀奶油（南侨）,12*1L,箱,南侨,南侨,110,调味酱/沙拉酱,002,调味/沙拉,sauces-salad-dressing,002110202,,规格: 12*1L / 单位: 箱,
c2a4c5a2a17a,华瑞优质低筋粉,1*25kg,袋,华瑞,华瑞,127,奶油/淡稀奶油,003,奶油,whipping-cream,003127045,,规格: 1*25kg / 单位: 袋,
fdb029e26882,华瑞国色面包用小麦粉（纸袋）,1*25kg,袋,华瑞,华瑞,127,奶油/淡稀奶油,003,奶油,whipping-cream,003127360,,规格: 1*25kg / 单位: 袋,
3f03ba826f8b,华瑞月饼专用粉,1*25kg,袋,华瑞,华瑞,127,奶油/淡稀奶油,003,奶油,whipping-cream,099127046,,规格: 1*25kg / 单位: 袋,
8c3347bd11d4,金像“B”（PRC）（22.7kg布）（南顺）,1*22.7kg,袋,金像,金像,107,奶油/淡稀奶油,003,奶油,whipping-cream,099107047,,规格: 1*22.7kg / 单位: 袋,
0606b1da1488,金像牌B面包用小麦粉（PP袋）,1*25kg,袋,金像,金像,107,奶油/淡稀奶油,003,奶油,whipping-cream,003107361,,规格: 1*25kg / 单位: 袋,
62ef21cddbc0,金像300面包粉（布）,1*25kg,袋,金像,金像,107,奶油/淡稀奶油,003,奶油,whipping-cream,003107048,,规格: 1*25kg / 单位: 袋,
d9503a2af191,金像精选面包粉,1*22.7kg,袋,金像,金像,107,奶油/淡稀奶油,003,奶油,whipping-cream,003107049,,规格: 1*22.7kg / 单位: 袋,
ffb26bea73c6,金像牌25kg用小麦粉（PP袋）,1*25kg,袋,金像,金像,107,奶油/淡稀奶油,003,奶油,whipping-cream,003107362,,规格: 1*25kg / 单位: 袋,
9d821e67682e,金像牌25kg用小麦粉（纸袋）,1*25kg,袋,金像,金像,107,奶油/淡稀奶油,003,奶油,whipping-cream,003107363,,规格: 1*25kg / 单位: 袋,
36cb0d5eff9c,美玫牌600（纸袋）（南顺）,1*25kg,袋,金像,金像,107,奶油/淡稀奶油,003,奶油,whipping-cream,099107050,,规格: 1*25kg / 单位: 袋,
5ea77275c7d7,美玫牌糕点用小麦粉,1*25kg,袋,金像,金像,107,奶油/淡稀奶油,003,奶油,whipping-cream,003107364,,规格: 1*25kg / 单位: 袋,
3889ac93dabc,美玫牌糕点用小麦粉,1*22.7kg,袋,金像,金像,107,奶油/淡稀奶油,003,奶油,whipping-cream,003107365,,规格: 1*22.7kg / 单位: 袋,
f79c21644a49,美玫牌300（22.7kg布袋）（南顺）,1*22.7kg,袋,金像,金像,107,奶油/淡稀奶油,003,奶油,whipping-cream,099107051,,规格: 1*22.7kg / 单位: 袋,
1d93dda0b107,凯旋门300糕点粉,1*25kg,袋,金像,金像,107,奶油/淡稀奶油,003,奶油,whipping-cream,003107052,,规格: 1*25kg / 单位: 袋,
1e3574a16d77,凯贝糖粉,1*4*5kg,袋,凯贝,凯贝,011,奶油/淡稀奶油,003,奶油,whipping-cream,003011053,,规格: 1*4*5kg / 单位: 袋,
5748c94d864b,凯贝珠葱,1*24桶*110g,桶,凯贝,凯贝,011,糖类/甜味剂,008,糖/甜味,sugars-sweeteners,099011054,,规格: 1*24桶*110g / 单位: 桶,
05b069fac7be,凯贝防潮可可粉,20袋*1kg,袋,凯贝,凯贝,011,奶油/淡稀奶油,003,奶油,whipping-cream,003011237,,规格: 20袋*1kg / 单位: 袋,
928e5a9379a8,凯贝防潮糖粉,20袋*1kg,袋,凯贝,凯贝,011,奶油/淡稀奶油,003,奶油,whipping-cream,003011055,,规格: 20袋*1kg / 单位: 袋,
602e20243bb0,凯贝抹茶粉,1*24*500g,桶,凯贝,凯贝,011,奶油/淡稀奶油,003,奶油,whipping-cream,003011056,,规格: 1*24*500g / 单位: 桶,
800a3155e938,凯贝植物炭黑,1*24*100g,桶,凯贝,凯贝,011,糖类/甜味剂,008,糖/甜味,sugars-sweeteners,099011057,,规格: 1*24*100g / 单位: 桶,
342334e4e050,凯贝深黑可可粉,1*20*1kg,袋,凯贝,凯贝,011,奶油/淡稀奶油,003,奶油,whipping-cream,003011238,,规格: 1*20*1kg / 单位: 袋,
8a6349996b84,韩国白砂糖,1*30kg,袋,凯贝,凯贝,011,辅料/添加剂,012,辅料/添加,additives,012011058,,规格: 1*30kg / 单位: 袋,
cf6e88a100e2,蜜朋TST精制白砂糖,1*30kg,袋,凯贝,凯贝,011,辅料/添加剂,012,辅料/添加,additives,012011059,,规格: 1*30kg / 单位: 袋,
2c08392ddff0,思醇 彩虹慕斯蛋糕 8寸,1*8盒*1.3kg,盒,思醇,思醇,100,牛奶/乳饮,007,乳饮,milk-dairy-drinks,007100311,,规格: 1*8盒*1.3kg / 单位: 盒,
4843dc5a084e,思醇 榴莲千层（8寸）,1*10盒*1.05kg,盒,思醇,思醇,100,牛奶/乳饮,007,乳饮,milk-dairy-drinks,007100060,,规格: 1*10盒*1.05kg / 单位: 盒,
36e37819908a,思醇黑森林小方,1*6盒/8个*840g,盒,思醇,思醇,100,牛奶/乳饮,007,乳饮,milk-dairy-drinks,099100061,,规格: 1*6盒/8个*840g / 单位: 盒,
48ee9207915c,约翰丹尼咸奶油风味慕斯蛋糕,1*9盒*1.15kg,盒,约翰丹尼,约翰丹尼,005,调味酱/沙拉酱,002,调味/沙拉,sauces-salad-dressing,002005203,,规格: 1*9盒*1.15kg / 单位: 盒,
7d2627ef3641,约翰丹尼玫瑰荔枝慕斯蛋糕,1*9盒*1.1kg,盒,约翰丹尼,约翰丹尼,005,牛奶/乳饮,007,乳饮,milk-dairy-drinks,007005312,,规格: 1*9盒*1.1kg / 单位: 盒,
7967df5b4d55,约翰丹尼白桃乌龙慕斯蛋糕（8寸10切）,1*9盒*880g,盒,约翰丹尼,约翰丹尼,005,牛奶/乳饮,007,乳饮,milk-dairy-drinks,007005313,,规格: 1*9盒*880g / 单位: 盒,
5d1f95475df1,约翰丹尼皇家丝滑巧克力蛋糕,1*9盒*1.05kg,盒,约翰丹尼,约翰丹尼,005,巧克力/可可,004,巧克力,chocolate-cocoa,004005239,,规格: 1*9盒*1.05kg / 单位: 盒,
7d9c07dc4274,约翰丹尼麦香牛油果慕斯蛋糕,1*9盒*1.2kg,盒,约翰丹尼,约翰丹尼,005,牛奶/乳饮,007,乳饮,milk-dairy-drinks,007005314,,规格: 1*9盒*1.2kg / 单位: 盒,
5e4d793240fd,约翰丹尼提拉米苏蛋糕,1*9盒*1.25kg,盒,约翰丹尼,约翰丹尼,005,牛奶/乳饮,007,乳饮,milk-dairy-drinks,007005315,,规格: 1*9盒*1.25kg / 单位: 盒,
8195dedc966d,约翰丹尼咸奶油红丝绒蛋糕（整只）22145,1*9盒*1.2kg,盒,约翰丹尼,约翰丹尼,005,调味酱/沙拉酱,002,调味/沙拉,sauces-salad-dressing,002005204,,规格: 1*9盒*1.2kg / 单位: 盒,
e14466f85e8b,约翰丹尼皇家丝滑巧克力（方盒）,1*9盒*1200g,盒,约翰丹尼,约翰丹尼,005,巧克力/可可,004,巧克力,chocolate-cocoa,004005240,,规格: 1*9盒*1200g / 单位: 盒,
d952fff97761,约翰丹尼抹茶凝乳蛋糕（8寸10切）,1*9*1000g,盒,约翰丹尼,约翰丹尼,005,牛奶/乳饮,007,乳饮,milk-dairy-drinks,007005316,,规格: 1*9*1000g / 单位: 盒,
917bb354efbf,约翰丹尼覆盆子凝乳蛋糕（8寸10切）,1*9盒*1000g,盒,约翰丹尼,约翰丹尼,005,牛奶/乳饮,007,乳饮,milk-dairy-drinks,007005317,,规格: 1*9盒*1000g / 单位: 盒,
f50992b024c3,约翰丹尼橙香凝乳蛋糕,1*9*1kg,盒,约翰丹尼,约翰丹尼,005,牛奶/乳饮,007,乳饮,milk-dairy-drinks,007005318,,规格: 1*9*1kg / 单位: 盒,
50180930691d,约翰丹尼黑芝麻牛乳大孔慕斯蛋糕,1*9*800g,盒,约翰丹尼,约翰丹尼,005,牛奶/乳饮,007,乳饮,milk-dairy-drinks,007005319,,规格: 1*9*800g / 单位: 盒,
8fde1b1b4aa0,约翰丹尼橙香巧克力大孔慕斯蛋糕,1*9*780g,盒,约翰丹尼,约翰丹尼,005,巧克力/可可,004,巧克力,chocolate-cocoa,004005241,,规格: 1*9*780g / 单位: 盒,
ac2471015f41,约翰丹尼栗子伯爵红茶凝乳蛋糕,1*9*1kg,盒,约翰丹尼,约翰丹尼,005,牛奶/乳饮,007,乳饮,milk-dairy-drinks,007005320,,规格: 1*9*1kg / 单位: 盒,
21d74d21f436,约翰丹尼芋泥芝士巴斯克蛋糕,1*60*120g,盒,约翰丹尼,约翰丹尼,005,罐头/蜜饯,009,罐头/蜜饯,canned-preserves,009005321,,规格: 1*60*120g / 单位: 盒,
2a34f5c0be46,约翰丹尼榴莲芝士巴斯克蛋糕,1*60*120g,盒,约翰丹尼,约翰丹尼,005,罐头/蜜饯,009,罐头/蜜饯,canned-preserves,009005322,,规格: 1*60*120g / 单位: 盒,
849dcc13647e,约翰丹尼咸奶油红丝绒慕斯蛋糕（1*6组*36盒）,1*6*0.99kg,组,约翰丹尼,约翰丹尼,005,调味酱/沙拉酱,002,调味/沙拉,sauces-salad-dressing,002005205,,规格: 1*6*0.99kg / 单位: 组,
4120a566b7f5,约翰丹尼提拉米苏慕斯蛋糕（1*6组*36盒）,1*6*1.08kg,组,约翰丹尼,约翰丹尼,005,牛奶/乳饮,007,乳饮,milk-dairy-drinks,007005323,,规格: 1*6*1.08kg / 单位: 组,
0577aa91f955,约翰丹尼牛油果慕斯蛋糕（1*6组*36盒）,1*6*1.08kg,组,约翰丹尼,约翰丹尼,005,牛奶/乳饮,007,乳饮,milk-dairy-drinks,007005324,,规格: 1*6*1.08kg / 单位: 组,
c824539f41ba,约翰丹尼皇家丝滑巧克力慕斯蛋糕（1*6组*36盒）,1*6*1.02kg,组,约翰丹尼,约翰丹尼,005,巧克力/可可,004,巧克力,chocolate-cocoa,004005242,,规格: 1*6*1.02kg / 单位: 组,
5640ac7d43c2,高贝葡式蛋挞皮207（6.3kg）,1*6*50个,箱,高贝,高贝,119,牛奶/乳饮,007,乳饮,milk-dairy-drinks,007119062,,规格: 1*6*50个 / 单位: 箱,
aca04c82278a,高贝台式软酥老婆饼8.4kg,14托*15个*40g,箱,高贝,高贝,119,肉制品/香肠/培根,010,肉制品,meat-sausage-bacon,006119063,,规格: 14托*15个*40g / 单位: 箱,
839a7f374f2f,高贝42g速冻花边挞（5.04kg）,1*6袋*20个,箱,高贝,高贝,119,牛奶/乳饮,007,乳饮,milk-dairy-drinks,007119064,,规格: 1*6袋*20个 / 单位: 箱,
473287409b74,奥昆50g速冻甜甜圈（90个/4.5kg）,1*6袋*15个,箱,奥昆,奥昆,114,牛奶/乳饮,007,乳饮,milk-dairy-drinks,007114065,,规格: 1*6袋*15个 / 单位: 箱,
deb19864ab5e,奥昆草莓果馅甜甜圈（90个/4.5kg）,1*6袋*15个,箱,奥昆,奥昆,114,果馅/果干/果酱,006,果馅/果酱,fruit-filling-puree-jam,005114285,,规格: 1*6袋*15个 / 单位: 箱,
c150cc96a60b,奥昆蓝莓果馅甜甜圈（90个/4.5kg）,1*6袋*15个,箱,奥昆,奥昆,114,果馅/果干/果酱,006,果馅/果酱,fruit-filling-puree-jam,005114286,,规格: 1*6袋*15个 / 单位: 箱,
717d90823c96,850g黑甜樱桃罐头（兴雅）,1*24*850g,听,烟台兴雅,烟台兴雅,122,酵母,014,酵母,yeast,014122066,,规格: 1*24*850g / 单位: 听,
bdabfef314a4,822G黄桃罐头(兴雅),1*24*822g,听,烟台兴雅,烟台兴雅,122,酵母,014,酵母,yeast,014122067,,规格: 1*24*822g / 单位: 听,
7d8f28c7137f,850G红鲜樱桃罐头(兴雅),1*24*850g,听,烟台兴雅,烟台兴雅,122,酵母,014,酵母,yeast,014122068,,规格: 1*24*850g / 单位: 听,
97c3e84f345b,850G草莓罐头L(兴雅),1*12*850G,听,烟台兴雅,烟台兴雅,122,酵母,014,酵母,yeast,014122069,,规格: 1*12*850G / 单位: 听,
37203a2dce73,金宝丽黄桃罐头（6-8）,1*24*820g,听,金宝丽,金宝丽,134,酵母,014,酵母,yeast,014134070,,规格: 1*24*820g / 单位: 听,
942a0d18e7e5,复配糕点乳化剂（sp）(早苗）,1*4*5kg,桶,上海早苗,上海早苗,101,糖类/甜味剂,008,糖/甜味,sugars-sweeteners,008101071,,规格: 1*4*5kg / 单位: 桶,
0fcc0a6035c6,复配膨松剂（泡打粉）（早苗）,1*6*2700g,桶,上海早苗,上海早苗,101,糖类/甜味剂,008,糖/甜味,sugars-sweeteners,008101353,,规格: 1*6*2700g / 单位: 桶,
166bd7e93754,复配酸度调节剂（塔塔粉）（早苗）,1*12*1350g,桶,上海早苗,上海早苗,101,糖类/甜味剂,008,糖/甜味,sugars-sweeteners,008101072,,规格: 1*12*1350g / 单位: 桶,
37ad762be91f,牛奶粉末香精（白脱）（早苗）,1*12*1000g,罐,上海早苗,上海早苗,101,调味酱/沙拉酱,002,调味/沙拉,sauces-salad-dressing,002101073,,规格: 1*12*1000g / 单位: 罐,
54fad8bd5d7f,高脂可可粉(早苗),1*10*1kg,袋,上海早苗,上海早苗,101,奶油/淡稀奶油,003,奶油,whipping-cream,003101243,,规格: 1*10*1kg / 单位: 袋,
3b409a989f86,丘比烘焙专用沙拉酱（甜味）,1*10*1kg,箱,丘比,丘比,103,冷冻点心/速冻半成品,001,冷冻半成品,frozen-pastries-semi-finished,001103350,,规格: 1*10*1kg / 单位: 箱,
d70a0e00d64c,丘比沙拉酱甜口味（22）,1*10*1kg,箱,丘比,丘比,103,冷冻点心/速冻半成品,001,冷冻半成品,frozen-pastries-semi-finished,001103351,,规格: 1*10*1kg / 单位: 箱,
922a64c883a0,丘比鸡蛋风味酱（金黄型）,1*10kg,箱,丘比,丘比,103,冷冻点心/速冻半成品,001,冷冻半成品,frozen-pastries-semi-finished,001103074,,规格: 1*10kg / 单位: 箱,
f4fca2353961,丘比土豆沙拉风味酱,1*10kg,箱,丘比,丘比,103,冷冻点心/速冻半成品,001,冷冻半成品,frozen-pastries-semi-finished,001103075,,规格: 1*10kg / 单位: 箱,
abced8f57695,代可可脂巧克力豆C10(15KG)(早苗),1*15*1kg,袋,丘比,丘比,103,巧克力/可可,004,巧克力,chocolate-cocoa,004103244,,规格: 1*15*1kg / 单位: 袋,
d54e69f766da,蓝黛高脂可可粉,1*10*1kg,袋,蓝黛,蓝黛,129,奶油/淡稀奶油,003,奶油,whipping-cream,003129245,,规格: 1*10*1kg / 单位: 袋,
e8af73282e82,德馨高脂可可粉,10*1kg,袋,德馨,德馨,116,奶油/淡稀奶油,003,奶油,whipping-cream,003116246,,规格: 10*1kg / 单位: 袋,
36b896e471a1,焙乐道红丝绒蛋糕预拌粉,1*2*5kg,盒,焙乐道,焙乐道,007,奶油/淡稀奶油,003,奶油,whipping-cream,003007325,,规格: 1*2*5kg / 单位: 盒,
cb203278e7de,焙乐道贝可拉黑巧克力块,1*4*2.5kg,块,焙乐道,焙乐道,007,巧克力/可可,004,巧克力,chocolate-cocoa,004007247,,规格: 1*4*2.5kg / 单位: 块,
d5161bce0e55,焙乐道CPT,1*6*1.7kg,桶,焙乐道,焙乐道,007,冷冻点心/速冻半成品,001,冷冻半成品,frozen-pastries-semi-finished,099007076,,规格: 1*6*1.7kg / 单位: 桶,
68bbdd3d335c,使必达双效泡打粉（焙乐道）,1*8*1400g,桶,焙乐道,焙乐道,007,糖类/甜味剂,008,糖/甜味,sugars-sweeteners,008007354,,规格: 1*8*1400g / 单位: 桶,
aafb4d415eae,复配酸度调节剂使必达塔塔粉(焙乐道),1*8*1kg,桶,焙乐道,焙乐道,007,糖类/甜味剂,008,糖/甜味,sugars-sweeteners,008007077,,规格: 1*8*1kg / 单位: 桶,
3a8c720efabe,复配酶制剂S500综合面包改良剂(焙乐道),1*20*1kg,包,焙乐道,焙乐道,007,糖类/甜味剂,008,糖/甜味,sugars-sweeteners,008007355,,规格: 1*20*1kg / 单位: 包,
7b7965569329,焙乐道快味可即溶吉士粉（2）,1*2*5kg,袋,焙乐道,焙乐道,007,奶油/淡稀奶油,003,奶油,whipping-cream,003007078,,规格: 1*2*5kg / 单位: 袋,
f92422955a58,焙乐道麻薯预拌粉,2*5kg,袋,焙乐道,焙乐道,007,奶油/淡稀奶油,003,奶油,whipping-cream,003007079,,规格: 2*5kg / 单位: 袋,
904fdd7f0a25,淑女牌水晶光亮膏(蓝莓味)（焙乐道）,1*4*3kg,桶,焙乐道,焙乐道,007,冷冻点心/速冻半成品,001,冷冻半成品,frozen-pastries-semi-finished,099007080,,规格: 1*4*3kg / 单位: 桶,
0a476eb06652,淑女牌水晶光亮膏(香橙味)（焙乐道）,1*4*3kg,桶,焙乐道,焙乐道,007,冷冻点心/速冻半成品,001,冷冻半成品,frozen-pastries-semi-finished,099007081,,规格: 1*4*3kg / 单位: 桶,
8c7298dfcaec,淑女牌水晶光亮膏(巧克力味)（焙乐道）,1*4*3kg,桶,焙乐道,焙乐道,007,巧克力/可可,004,巧克力,chocolate-cocoa,004007248,,规格: 1*4*3kg / 单位: 桶,
2fb68a500982,淑女牌水晶光亮膏（中性）（焙乐道）,1*4*3kg,桶,焙乐道,焙乐道,007,冷冻点心/速冻半成品,001,冷冻半成品,frozen-pastries-semi-finished,099007082,,规格: 1*4*3kg / 单位: 桶,
9cd48e75e8c1,淑女牌水晶光亮膏(草莓味)（焙乐道）,1*4*3kg,桶,焙乐道,焙乐道,007,酵母,014,酵母,yeast,014007083,,规格: 1*4*3kg / 单位: 桶,
699b12a88d75,淑女牌耐热果占（香橙）（焙乐道）,1*4*5kg,桶,焙乐道,焙乐道,007,冷冻点心/速冻半成品,001,冷冻半成品,frozen-pastries-semi-finished,099007084,,规格: 1*4*5kg / 单位: 桶,
1e1500304a38,金鹂液态酥油,1*4*5L,桶,益海嘉里,益海嘉里,125,肉制品/香肠/培根,010,肉制品,meat-sausage-bacon,010125379,,规格: 1*4*5L / 单位: 桶,
64511cf51573,金鹂高级黄油LMY42-02(15KG)(金鹂黄),1*15kg,箱,益海嘉里,益海嘉里,125,肉制品/香肠/培根,010,肉制品,meat-sausage-bacon,010125380,,规格: 1*15kg / 单位: 箱,
022b36b86577,金鹂高级酥皮专用油LMP45-01(1KG*10)（金鹂片）,1*10kg,箱,益海嘉里,益海嘉里,125,肉制品/香肠/培根,010,肉制品,meat-sausage-bacon,099125085,,规格: 1*10kg / 单位: 箱,
0e5c53ebc0a9,金鹂精品无水酥油LMB42-01(10KG)(金鹂精品),1*10kg,箱,益海嘉里,益海嘉里,125,肉制品/香肠/培根,010,肉制品,meat-sausage-bacon,010125381,,规格: 1*10kg / 单位: 箱,
f8ddcd9807a6,花旗起酥（F标）,1*16kg,箱,益海嘉里,益海嘉里,125,肉制品/香肠/培根,010,肉制品,meat-sausage-bacon,010125086,,规格: 1*16kg / 单位: 箱,
0d961cd412a1,花旗雪白奶油HMF42-01(15KG)(花旗雪白),1*15kg,箱,益海嘉里,益海嘉里,125,调味酱/沙拉酱,002,调味/沙拉,sauces-salad-dressing,002125206,,规格: 1*15kg / 单位: 箱,
ae6c35cae93e,车轮牌人造黄奶油（车轮黄）,1*15kg,箱,益海嘉里,益海嘉里,125,调味酱/沙拉酱,002,调味/沙拉,sauces-salad-dressing,002125207,,规格: 1*15kg / 单位: 箱,
794f2e6b8f12,大8纯正食用猪油23KG*1(纸桶)（大8）,1*23KG,桶,益海嘉里,益海嘉里,125,肉制品/香肠/培根,010,肉制品,meat-sausage-bacon,099125087,,规格: 1*23KG / 单位: 桶,
3cc5ede00b87,巧克力色香油（马利美膳）,1*20*650ml,瓶,马利美膳,马利美膳,009,巧克力/可可,004,巧克力,chocolate-cocoa,004009249,,规格: 1*20*650ml / 单位: 瓶,
8aacf323c362,马利美膳蛋白起泡稳定剂,1*6*1.5kg,桶,马利美膳,马利美膳,009,糖类/甜味剂,008,糖/甜味,sugars-sweeteners,008009088,,规格: 1*6*1.5kg / 单位: 桶,
2787f03f933a,复配着色剂（色水）（至尊牌色素橙黄色),1*12*250ml,瓶,马利美膳,马利美膳,009,糖类/甜味剂,008,糖/甜味,sugars-sweeteners,008009089,,规格: 1*12*250ml / 单位: 瓶,
514384218bac,复配着色剂（色水）（至尊牌色素果绿色),1*12*250ml,瓶,马利美膳,马利美膳,009,糖类/甜味剂,008,糖/甜味,sugars-sweeteners,008009090,,规格: 1*12*250ml / 单位: 瓶,
8fead4b00830,复配着色剂（色水）（至尊牌色素粉红色),1*12*250ml,瓶,马利美膳,马利美膳,009,糖类/甜味剂,008,糖/甜味,sugars-sweeteners,008009091,,规格: 1*12*250ml / 单位: 瓶,
4251ab2921ab,复配着色剂（色水）（至尊牌色素红色),1*12*250ml,瓶,马利美膳,马利美膳,009,糖类/甜味剂,008,糖/甜味,sugars-sweeteners,008009092,,规格: 1*12*250ml / 单位: 瓶,
bc252ef760d1,复配着色剂（色水）（至尊牌色素柠檬黄色),1*12*250ml,瓶,马利美膳,马利美膳,009,糖类/甜味剂,008,糖/甜味,sugars-sweeteners,008009093,,规格: 1*12*250ml / 单位: 瓶,
78cc2df45d06,复配着色剂（色水）（至尊牌色素黑色),1*12*250ml,瓶,马利美膳,马利美膳,009,糖类/甜味剂,008,糖/甜味,sugars-sweeteners,008009094,,规格: 1*12*250ml / 单位: 瓶,
19496ece1b59,复配着色剂（色水）（至尊牌色素香芋紫色),1*12*250ml,瓶,马利美膳,马利美膳,009,糖类/甜味剂,008,糖/甜味,sugars-sweeteners,008009095,,规格: 1*12*250ml / 单位: 瓶,
2873a0b9ba6e,复配着色剂（色水）（至尊牌色素巧克力棕色),1*12*250ml,瓶,马利美膳,马利美膳,009,巧克力/可可,004,巧克力,chocolate-cocoa,004009250,,规格: 1*12*250ml / 单位: 瓶,
ac68148225d3,复配着色剂（色水）（至尊牌色素蓝色),1*12*250ml,瓶,马利美膳,马利美膳,009,糖类/甜味剂,008,糖/甜味,sugars-sweeteners,008009096,,规格: 1*12*250ml / 单位: 瓶,
4c04140e724a,摩根船长（黑标）朗姆酒,1*700ml,瓶,调味酒饮,调味酒饮,131,酒饮/风味酒,013,酒饮,alcoholic-beverages-liqueurs,013131097,,规格: 1*700ml / 单位: 瓶,
25b3adfeb49f,百加得白朗姆酒,1*750ml,瓶,调味酒饮,调味酒饮,131,酒饮/风味酒,013,酒饮,alcoholic-beverages-liqueurs,013131098,,规格: 1*750ml / 单位: 瓶,
771f21641f38,君度力娇酒（桔皮味）,1*700ml,瓶,调味酒饮,调味酒饮,131,酒饮/风味酒,013,酒饮,alcoholic-beverages-liqueurs,013131099,,规格: 1*700ml / 单位: 瓶,
d87f9ecf408a,香草果露风味饮料（浓缩型）（博多家园）,1*12*750ml,瓶,调味酒饮,调味酒饮,131,酒饮/风味酒,013,酒饮,alcoholic-beverages-liqueurs,099131100,,规格: 1*12*750ml / 单位: 瓶,
d62b0dc9c215,甘露咖啡力娇酒1000ml,1*12*1000ml,瓶,调味酒饮,调味酒饮,131,酒饮/风味酒,013,酒饮,alcoholic-beverages-liqueurs,013131101,,规格: 1*12*1000ml / 单位: 瓶,
194b79d6dc67,张裕金奖白兰地,1*750ml(6瓶/箱),瓶,调味酒饮,调味酒饮,131,酒饮/风味酒,013,酒饮,alcoholic-beverages-liqueurs,013131102,,规格: 1*750ml(6瓶/箱) / 单位: 瓶,
4f61acdb082c,新西兰奶粉,1*25kg,袋,进口,进口,008,调味酱/沙拉酱,002,调味/沙拉,sauces-salad-dressing,002008103,,规格: 1*25kg / 单位: 袋,
a5dc5d66a3bf,波兰大M全脂纯牛奶,12*1L,箱,进口,进口,008,调味酱/沙拉酱,002,调味/沙拉,sauces-salad-dressing,002008104,,规格: 12*1L / 单位: 箱,
7e2a3f5a7da5,太古糖粉（蓝标）,1*13.62kg,桶,进口,进口,008,奶油/淡稀奶油,003,奶油,whipping-cream,003008105,,规格: 1*13.62kg / 单位: 桶,
4fbf1e4fc910,大卫吉利丁明胶片,1*20*1kg,盒,进口,进口,008,糖类/甜味剂,008,糖/甜味,sugars-sweeteners,099008106,,规格: 1*20*1kg / 单位: 盒,
fc6272fbd62b,蓝钻杏仁粉（扁桃仁粉）,1*11.34kg,箱,进口,进口,008,果馅/果干/果酱,006,果馅/果酱,fruit-filling-puree-jam,005008107,,规格: 1*11.34kg / 单位: 箱,
fc6272fbd62b,蓝钻杏仁粉（扁桃仁粉）,1*11.34kg,公斤,进口,进口,008,果馅/果干/果酱,006,果馅/果酱,fruit-filling-puree-jam,005008108,,规格: 1*11.34kg / 单位: 公斤,
ad567140a4fa,蓝钻杏仁片（扁桃仁片）,1*11.34kg,箱,进口,进口,008,果馅/果干/果酱,006,果馅/果酱,fruit-filling-puree-jam,005008109,,规格: 1*11.34kg / 单位: 箱,
ad567140a4fa,蓝钻杏仁片（扁桃仁片）,1*11.34kg,公斤,进口,进口,008,果馅/果干/果酱,006,果馅/果酱,fruit-filling-puree-jam,005008110,,规格: 1*11.34kg / 单位: 公斤,
e3f0f6bf6dea,烤花生碎（生16）,1*8*2.5kg,袋,进口,进口,008,果馅/果干/果酱,006,果馅/果酱,fruit-filling-puree-jam,005008111,,规格: 1*8*2.5kg / 单位: 袋,
9d3f75c720e8,煌牌全脂椰蓉（印尼）,1*9.071kg,袋,进口,进口,008,果馅/果干/果酱,006,果馅/果酱,fruit-filling-puree-jam,005008112,,规格: 1*9.071kg / 单位: 袋,
80e48951de4f,优鲜沛鲜红蔓越莓干1/4切片,1*10kg,袋,进口,进口,008,果馅/果干/果酱,006,果馅/果酱,fruit-filling-puree-jam,005008113,,规格: 1*10kg / 单位: 袋,
7f37b74c2e26,优鲜沛原味蔓越莓干907g,1*16*907g,袋,进口,进口,008,果馅/果干/果酱,006,果馅/果酱,fruit-filling-puree-jam,005008114,,规格: 1*16*907g / 单位: 袋,
a847247f685b,银谷速发蛋糕油10kg,1*10kg,桶,添加剂原料,添加剂原料,136,牛奶/乳饮,007,乳饮,milk-dairy-drinks,007136326,,规格: 1*10kg / 单位: 桶,
1af53f20ea5b,烘焙配料粉（澳良阳光）,1*10袋*2.5kg,袋,添加剂原料,添加剂原料,136,糖类/甜味剂,008,糖/甜味,sugars-sweeteners,008136115,,规格: 1*10袋*2.5kg / 单位: 袋,
9b06c25b5f19,食用玉米淀粉,1*25kg,袋,添加剂原料,添加剂原料,136,奶油/淡稀奶油,003,奶油,whipping-cream,003136116,,规格: 1*25kg / 单位: 袋,
62300f2fc4c0,可宝食品配料用炼奶酱（3.5%）（熊猫炼乳）,1*4*5kg,桶,添加剂原料,添加剂原料,136,糖类/甜味剂,008,糖/甜味,sugars-sweeteners,008136117,,规格: 1*4*5kg / 单位: 桶,
6f8236d3a01b,星牌提子干（水洗）,1*10kg,箱,添加剂原料,添加剂原料,136,果馅/果干/果酱,006,果馅/果酱,fruit-filling-puree-jam,005136118,,规格: 1*10kg / 单位: 箱,
b24372a29d52,加利Q弹雪莓娘皮（原味）9cm*9cm,1*45盒*240g,箱,添加剂原料,添加剂原料,136,糖类/甜味剂,008,糖/甜味,sugars-sweeteners,099136119,,规格: 1*45盒*240g / 单位: 箱,
c3aeb59b6089,食品碳铵（碳酸氢胺）,1*25*1kg,kg,添加剂原料,添加剂原料,136,糖类/甜味剂,008,糖/甜味,sugars-sweeteners,099136120,,规格: 1*25*1kg / 单位: kg,
168079b8a904,FD冻干草莓粒（5*5*5）,1*10*500g,袋,添加剂原料,添加剂原料,136,酵母,014,酵母,yeast,014136121,,规格: 1*10*500g / 单位: 袋,
51a14fd992e4,顺祥巧克力配件（黒碎）,500g,盒,顺祥插件,顺祥插件,135,巧克力/可可,004,巧克力,chocolate-cocoa,004135251,,规格: 500g / 单位: 盒,
f4907078ccbc,顺祥巧克力配件（白碎）,500g,盒,顺祥插件,顺祥插件,135,巧克力/可可,004,巧克力,chocolate-cocoa,004135252,,规格: 500g / 单位: 盒,
d3382b97c053,顺祥巧克力配件（仿真麻将万）,28个,盒,顺祥插件,顺祥插件,135,巧克力/可可,004,巧克力,chocolate-cocoa,004135253,,规格: 28个 / 单位: 盒,
6172f12336fa,顺祥巧克力配件（仿真麻将十三幺）,28个,盒,顺祥插件,顺祥插件,135,巧克力/可可,004,巧克力,chocolate-cocoa,004135254,,规格: 28个 / 单位: 盒,
227fe7b44f49,顺祥巧克力配件（叶子立体寿桃5CM）,12个,盒,顺祥插件,顺祥插件,135,巧克力/可可,004,巧克力,chocolate-cocoa,004135255,,规格: 12个 / 单位: 盒,
9dd64b9d2c2a,顺祥巧克力配件（7CM翻糖叶子立体寿桃）,9个,盒,顺祥插件,顺祥插件,135,巧克力/可可,004,巧克力,chocolate-cocoa,004135256,,规格: 9个 / 单位: 盒,
308f30e4829f,顺祥巧克力配件（纯黑长方）,90片,盒,顺祥插件,顺祥插件,135,巧克力/可可,004,巧克力,chocolate-cocoa,004135257,,规格: 90片 / 单位: 盒,
7a09594bdbe1,顺祥巧克力配件（纯白长方）,90片,盒,顺祥插件,顺祥插件,135,巧克力/可可,004,巧克力,chocolate-cocoa,004135258,,规格: 90片 / 单位: 盒,
51527c658a51,顺祥巧克力配件（小生日牌）,108片,盒,顺祥插件,顺祥插件,135,巧克力/可可,004,巧克力,chocolate-cocoa,004135259,,规格: 108片 / 单位: 盒,
3cb89627c2b2,顺祥巧克力配件（皇冠正方黑生日）,108片,盒,顺祥插件,顺祥插件,135,巧克力/可可,004,巧克力,chocolate-cocoa,004135260,,规格: 108片 / 单位: 盒,
ff215f664bf2,顺祥巧克力配件（仿真麻将万中发）,28个,盒,顺祥插件,顺祥插件,135,巧克力/可可,004,巧克力,chocolate-cocoa,004135261,,规格: 28个 / 单位: 盒,
bcc88478fc89,顺祥巧克力配件（小爱心大红）,132片,盒,顺祥插件,顺祥插件,135,巧克力/可可,004,巧克力,chocolate-cocoa,004135262,,规格: 132片 / 单位: 盒,
8fea6c1c51ed,顺祥巧克力配件（手工翻糖字牌囍字）,5大5小,盒,顺祥插件,顺祥插件,135,巧克力/可可,004,巧克力,chocolate-cocoa,004135263,,规格: 5大5小 / 单位: 盒,
51be775456af,顺祥巧克力配件（女王翻糖蝴蝶结15cm粉）,2套,盒,顺祥插件,顺祥插件,135,巧克力/可可,004,巧克力,chocolate-cocoa,004135264,,规格: 2套 / 单位: 盒,
0acf3ef09d18,顺祥巧克力配件（15cm翻糖蝴蝶结双囍）,15cm,盒,顺祥插件,顺祥插件,135,巧克力/可可,004,巧克力,chocolate-cocoa,004135265,,规格: 15cm / 单位: 盒,
52073236d840,顺祥巧克力配件（手工翻糖字牌发财绿色）,5大5小,盒,顺祥插件,顺祥插件,135,巧克力/可可,004,巧克力,chocolate-cocoa,004135266,,规格: 5大5小 / 单位: 盒,
7d022a79dbee,马利500g高糖干酵母（马利干）,1*20*500g,袋,酵母,酵母,132,辅料/添加剂,012,辅料/添加,additives,012132356,,规格: 1*20*500g / 单位: 袋,
0d4832a1b539,1210101CN 燕牌酵母（高糖）（燕子）,1*20*500g,袋,酵母,酵母,132,辅料/添加剂,012,辅料/添加,additives,012132357,,规格: 1*20*500g / 单位: 袋,
8dd71119d187,1210101CN 燕牌酵母（高糖）（燕子整箱）,1*20*500g,箱,酵母,酵母,132,辅料/添加剂,012,辅料/添加,additives,012132358,,规格: 1*20*500g / 单位: 箱,
967ba682c603,BAKERDREAM高糖高活性干酵母（百钻）,1*20*500g,袋,酵母,酵母,132,辅料/添加剂,012,辅料/添加,additives,012132359,,规格: 1*20*500g / 单位: 袋,
7ee114dbfaef,奥利奥中号饼干碎,1*24*400g,袋,亿滋,亿滋,105,面粉/谷物粉,015,面/谷粉,flour-grain-flours,015105122,,规格: 1*24*400g / 单位: 袋,
7ee114dbfaef,奥利奥中号饼干碎,1*24*400g,箱,亿滋,亿滋,105,面粉/谷物粉,015,面/谷粉,flour-grain-flours,015105123,,规格: 1*24*400g / 单位: 箱,
48fa5ae7421b,奥利奥原味夹心饼干家庭装,1*12*466g,箱,亿滋,亿滋,105,面粉/谷物粉,015,面/谷粉,flour-grain-flours,015105124,,规格: 1*12*466g / 单位: 箱,
945a96b27402,MG奶油芝士,1*6*2kg,块,福基,福基,126,调味酱/沙拉酱,002,调味/沙拉,sauces-salad-dressing,002126208,,规格: 1*6*2kg / 单位: 块,
c17c2268d99e,嘉品多胜高奶油干酪OEM10KG,1*10kg,箱,福基,福基,126,调味酱/沙拉酱,002,调味/沙拉,sauces-salad-dressing,002126209,,规格: 1*10kg / 单位: 箱,
d8bd1522db29,伊利Pro东方灵感淡奶油（伊利淡奶油）,6*1L,箱,伊利,伊利,106,调味酱/沙拉酱,002,调味/沙拉,sauces-salad-dressing,002106210,,规格: 6*1L / 单位: 箱,
c272fd97ee8b,爱乐薇超高温灭菌稀奶油（铁塔）,1*12L,箱,西诺迪斯,西诺迪斯,130,调味酱/沙拉酱,002,调味/沙拉,sauces-salad-dressing,002130211,,规格: 1*12L / 单位: 箱,
211fdf5ba37e,新悦纯牧超高温灭菌搅打稀奶油35.7%,1*12,箱,西诺迪斯,西诺迪斯,130,调味酱/沙拉酱,002,调味/沙拉,sauces-salad-dressing,002130212,,规格: 1*12 / 单位: 箱,
7acd35ef8c2f,蔻曼纯净稀奶油38%（洁净标签）,12*1L,箱,西诺迪斯,西诺迪斯,130,调味酱/沙拉酱,002,调味/沙拉,sauces-salad-dressing,002130213,,规格: 12*1L / 单位: 箱,
a3b10c1b58af,百瑞酪专业餐饮马苏里拉 3千克,1*3kg,袋,西诺迪斯,西诺迪斯,130,罐头/蜜饯,009,罐头/蜜饯,canned-preserves,009130125,,规格: 1*3kg / 单位: 袋,
8cce59f38197,朋宗玫瑰花饼,16包*16个*45g,箱,朋宗,朋宗,117,牛奶/乳饮,007,乳饮,milk-dairy-drinks,099117126,,规格: 16包*16个*45g / 单位: 箱,
c054448401c3,朋宗大太阳花挞（手工）,13包*7个*40g,箱,朋宗,朋宗,117,牛奶/乳饮,007,乳饮,milk-dairy-drinks,099117127,,规格: 13包*7个*40g / 单位: 箱,
51e6da9762b7,朋宗椒盐饼（牛舌饼）,19包*12个,箱,朋宗,朋宗,117,牛奶/乳饮,007,乳饮,milk-dairy-drinks,099117128,,规格: 19包*12个 / 单位: 箱,
4b4a46d13cb9,味斯美装饰松松（原味）,1*10*1kg,袋,味斯美,味斯美,013,预拌粉/预混粉,016,预拌粉,premix,016013129,,规格: 1*10*1kg / 单位: 袋,
4666cdc5a241,味斯美海苔酥脆松-3A海苔,1*8*2kg,袋,味斯美,味斯美,013,肉制品/香肠/培根,010,肉制品,meat-sausage-bacon,099013130,,规格: 1*8*2kg / 单位: 袋,
9b5dea5e52b6,味斯美巧克力风味酥脆松,1*10*1kg,袋,味斯美,味斯美,013,巧克力/可可,004,巧克力,chocolate-cocoa,004013267,,规格: 1*10*1kg / 单位: 袋,
8ae234ab23a1,味斯美蟹黄味酥脆松,1*8*2kg,袋,味斯美,味斯美,013,肉制品/香肠/培根,010,肉制品,meat-sausage-bacon,099013131,,规格: 1*8*2kg / 单位: 袋,
eacecfd8e70d,味斯美牛肉味酥脆松,1*8*2kg,袋,味斯美,味斯美,013,肉制品/香肠/培根,010,肉制品,meat-sausage-bacon,006013132,,规格: 1*8*2kg / 单位: 袋,
2030b9ef95c3,味斯美爆汁热狗棒（速冻风味派（生）,900g+16（192根）,箱,味斯美,味斯美,013,肉制品/香肠/培根,010,肉制品,meat-sausage-bacon,099013133,,规格: 900g+16（192根） / 单位: 箱,
8e8359035661,可培谷全脂纯牛奶,12*1L,箱,国产纯牛奶,国产纯牛奶,109,调味酱/沙拉酱,002,调味/沙拉,sauces-salad-dressing,002109134,,规格: 12*1L / 单位: 箱,
25324bf44493,焙优纯纯牛奶,12*1,箱,国产纯牛奶,国产纯牛奶,109,调味酱/沙拉酱,002,调味/沙拉,sauces-salad-dressing,002109135,,规格: 12*1 / 单位: 箱,
0c2a6388aa7e,维德手工蛋挞皮,1*10*30只,箱,济南维德,济南维德,118,牛奶/乳饮,007,乳饮,milk-dairy-drinks,007118136,,规格: 1*10*30只 / 单位: 箱,
571fd0df65e7,瓦伦堡无盐黄油25kg,1*25kg,箱,瑞康品尚,瑞康品尚,123,肉制品/香肠/培根,010,肉制品,meat-sausage-bacon,010123382,,规格: 1*25kg / 单位: 箱,
229ee6beb12e,瓦伦堡奶油芝士10KG,1*10kg,箱,瑞康品尚,瑞康品尚,123,调味酱/沙拉酱,002,调味/沙拉,sauces-salad-dressing,002123214,,规格: 1*10kg / 单位: 箱,
0168d1f5c0e3,Butterland无盐黄油25kg（国产）,1*25kg,箱,瑞康品尚,瑞康品尚,123,肉制品/香肠/培根,010,肉制品,meat-sausage-bacon,010123383,,规格: 1*25kg / 单位: 箱,
b3694f4693f8,Butterland乳脂混合黄油,1*25kg,箱,瑞康品尚,瑞康品尚,123,肉制品/香肠/培根,010,肉制品,meat-sausage-bacon,010123384,,规格: 1*25kg / 单位: 箱,
f465231c16ab,迪比克塑性稀奶油,6*1L,箱,菲仕兰,菲仕兰,128,调味酱/沙拉酱,002,调味/沙拉,sauces-salad-dressing,002128215,,规格: 6*1L / 单位: 箱,
1988f2e87c92,百利香甜沙拉酱,1*12,箱,百利,百利,124,冷冻点心/速冻半成品,001,冷冻半成品,frozen-pastries-semi-finished,001124352,,规格: 1*12 / 单位: 箱,
00b7d8dfa8cd,贝琪1kg法式卡仕达（经典牛奶味）,10*1kg,袋,山东贝琪,山东贝琪,113,冷冻点心/速冻半成品,001,冷冻半成品,frozen-pastries-semi-finished,001113137,,规格: 10*1kg / 单位: 袋,
48e3b6028576,贝琪5kg0蔗糖戚风蛋糕预拌粉,1*4*5kg,袋,山东贝琪,山东贝琪,113,奶油/淡稀奶油,003,奶油,whipping-cream,003113327,,规格: 1*4*5kg / 单位: 袋,
c7f6b88c853d,贝琪快客SP蛋糕油,1*4*5kg,袋,山东贝琪,山东贝琪,113,牛奶/乳饮,007,乳饮,milk-dairy-drinks,007113328,,规格: 1*4*5kg / 单位: 袋,
27e2dc4fc31f,贝琪5kg松软轻戚风巧克力蛋糕预拌粉,5kg*4袋/箱,袋,山东贝琪,山东贝琪,113,奶油/淡稀奶油,003,奶油,whipping-cream,003113268,,规格: 5kg*4袋/箱 / 单位: 袋,
839edad50274,贝琪5kg巧克力熔岩蛋糕预拌粉,5kg*4袋/箱,袋,山东贝琪,山东贝琪,113,奶油/淡稀奶油,003,奶油,whipping-cream,003113269,,规格: 5kg*4袋/箱 / 单位: 袋,
3b44a5910412,猫唛日式面包专用粉（纸）（华创）,1*25kg,袋,东莞华创制粉,东莞华创制粉,104,奶油/淡稀奶油,003,奶油,whipping-cream,099104138,,规格: 1*25kg / 单位: 袋,
fc4d80e8cb18,武藏丸味至面包粉（纸）（华创）,1*25kg,袋,东莞华创制粉,东莞华创制粉,104,奶油/淡稀奶油,003,奶油,whipping-cream,003104139,,规格: 1*25kg / 单位: 袋,
bb929222d5c0,柳叶梅全麦高级面包粉（华创）,1*5kg,袋,东莞华创制粉,东莞华创制粉,104,奶油/淡稀奶油,003,奶油,whipping-cream,003104140,,规格: 1*5kg / 单位: 袋,
4613fc26ba4e,樱皇精研日式面包小麦粉（25KG纸袋）,1*25kg,袋,东莞华创制粉,东莞华创制粉,104,奶油/淡稀奶油,003,奶油,whipping-cream,003104366,,规格: 1*25kg / 单位: 袋,
336c342e72c3,蔓吉4寸彩虹慕斯,1*8盒*6个,盒,扬州和华,扬州和华,001,牛奶/乳饮,007,乳饮,milk-dairy-drinks,007001329,,规格: 1*8盒*6个 / 单位: 盒,
939e05f200a2,蔓吉4寸小丑慕斯,1*8盒*6个,盒,扬州和华,扬州和华,001,牛奶/乳饮,007,乳饮,milk-dairy-drinks,007001330,,规格: 1*8盒*6个 / 单位: 盒,
7a0129b3fd6a,蔓吉4寸白天鹅慕斯,1*8盒*6个,盒,扬州和华,扬州和华,001,牛奶/乳饮,007,乳饮,milk-dairy-drinks,007001331,,规格: 1*8盒*6个 / 单位: 盒,
7fe04a37d52a,蔓吉4寸黑天鹅慕斯,1*8盒*6个,盒,扬州和华,扬州和华,001,牛奶/乳饮,007,乳饮,milk-dairy-drinks,007001332,,规格: 1*8盒*6个 / 单位: 盒,
cf4f9b759abc,蔓吉4寸酸奶草莓慕斯,1*8盒*6个,盒,扬州和华,扬州和华,001,牛奶/乳饮,007,乳饮,milk-dairy-drinks,007001333,,规格: 1*8盒*6个 / 单位: 盒,
747e662cee79,蔓吉4寸焦糖玛奇朵慕斯,1*8盒*6个,盒,扬州和华,扬州和华,001,辅料/添加剂,012,辅料/添加,additives,012001334,,规格: 1*8盒*6个 / 单位: 盒,
106583a228ff,蔓吉4寸芋泥芝士慕斯,1*8盒*6个,盒,扬州和华,扬州和华,001,罐头/蜜饯,009,罐头/蜜饯,canned-preserves,009001335,,规格: 1*8盒*6个 / 单位: 盒,
c7e80b96a6e2,蔓吉4寸熔岩黑巧慕斯,1*8盒*6个,盒,扬州和华,扬州和华,001,牛奶/乳饮,007,乳饮,milk-dairy-drinks,007001336,,规格: 1*8盒*6个 / 单位: 盒,
7353277a4228,蔓吉4寸萌小兔慕斯,1*8盒*6个,盒,扬州和华,扬州和华,001,牛奶/乳饮,007,乳饮,milk-dairy-drinks,007001337,,规格: 1*8盒*6个 / 单位: 盒,
5d1d8e79ff9e,蔓吉4寸多肉葡萄慕斯,1*8盒*6个,盒,扬州和华,扬州和华,001,牛奶/乳饮,007,乳饮,milk-dairy-drinks,007001338,,规格: 1*8盒*6个 / 单位: 盒,
586ceb674f0c,蔓吉一颗榴莲,1*48盒,盒,扬州和华,扬州和华,001,牛奶/乳饮,007,乳饮,milk-dairy-drinks,099001141,,规格: 1*48盒 / 单位: 盒,
d20553c5be59,蔓吉5英寸原味舒芙蕾奶盖,48盒*200g,盒,扬州和华,扬州和华,001,牛奶/乳饮,007,乳饮,milk-dairy-drinks,007001142,,规格: 48盒*200g / 单位: 盒,
0645220390b9,蔓吉5英寸抹茶舒芙蕾奶盖,48盒*200g,盒,扬州和华,扬州和华,001,牛奶/乳饮,007,乳饮,milk-dairy-drinks,007001143,,规格: 48盒*200g / 单位: 盒,
1be2f616eef0,蔓吉5英寸巧克力舒芙蕾奶盖,48盒*200g,盒,扬州和华,扬州和华,001,巧克力/可可,004,巧克力,chocolate-cocoa,004001270,,规格: 48盒*200g / 单位: 盒,
fc1c6423c399,蔓吉8英寸原味巴斯克,12盒*1100g,盒,扬州和华,扬州和华,001,牛奶/乳饮,007,乳饮,milk-dairy-drinks,007001339,,规格: 12盒*1100g / 单位: 盒,
d6f480eac732,蔓吉8英寸青柠巴斯克,12盒*1100g,盒,扬州和华,扬州和华,001,牛奶/乳饮,007,乳饮,milk-dairy-drinks,007001340,,规格: 12盒*1100g / 单位: 盒,
a42af1930791,蔓吉8英寸伯爵红茶巴斯克,12盒*1100g,盒,扬州和华,扬州和华,001,牛奶/乳饮,007,乳饮,milk-dairy-drinks,007001341,,规格: 12盒*1100g / 单位: 盒,
154c3a926fd4,蔓吉8英寸奧巧熔岩巴斯克,12盒*1100g,盒,扬州和华,扬州和华,001,牛奶/乳饮,007,乳饮,milk-dairy-drinks,007001342,,规格: 12盒*1100g / 单位: 盒,
06b3b1750d8a,蔓吉3.5英寸原味巴斯克,48盒*130g,盒,扬州和华,扬州和华,001,牛奶/乳饮,007,乳饮,milk-dairy-drinks,007001343,,规格: 48盒*130g / 单位: 盒,
a390235ff04a,蔓吉3.5英寸芋泥巴斯克,48盒*130g,盒,扬州和华,扬州和华,001,牛奶/乳饮,007,乳饮,milk-dairy-drinks,007001344,,规格: 48盒*130g / 单位: 盒,
3081d873b777,蔓吉3.5英寸榴莲巴斯克,48盒*130g,盒,扬州和华,扬州和华,001,牛奶/乳饮,007,乳饮,milk-dairy-drinks,007001345,,规格: 48盒*130g / 单位: 盒,
144fb41bba35,蔓吉3.5英寸栗子巴斯克,48盒*130g,盒,扬州和华,扬州和华,001,牛奶/乳饮,007,乳饮,milk-dairy-drinks,007001346,,规格: 48盒*130g / 单位: 盒,
945539ddb850,蔓吉3.5英寸蜂蜜柚子巴斯克,48盒*130g,盒,扬州和华,扬州和华,001,辅料/添加剂,012,辅料/添加,additives,012001347,,规格: 48盒*130g / 单位: 盒,
2384e0009b56,蔓吉巧克力脏脏杯慕斯蛋糕,8盒*12个*85g,盒,扬州和华,扬州和华,001,巧克力/可可,004,巧克力,chocolate-cocoa,004001271,,规格: 8盒*12个*85g / 单位: 盒,
dd613ab84b83,蔓吉4寸酸奶提子慕斯,1*8盒*6个,盒,扬州和华,扬州和华,001,果馅/果干/果酱,006,果馅/果酱,fruit-filling-puree-jam,005001348,,规格: 1*8盒*6个 / 单位: 盒,
5b8856412056,蔓吉两颗山竹慕斯蛋糕,48盒*100g,盒,扬州和华,扬州和华,001,牛奶/乳饮,007,乳饮,milk-dairy-drinks,007001349,,规格: 48盒*100g / 单位: 盒,
7a8537edd5ef,蔓吉新品浓香巧克力魔方,1*8盒*6,盒,扬州和华,扬州和华,001,巧克力/可可,004,巧克力,chocolate-cocoa,004001272,,规格: 1*8盒*6 / 单位: 盒,
7d01fb172cb8,蔓吉新品提拉米苏魔方,1*8盒*6,盒,扬州和华,扬州和华,001,牛奶/乳饮,007,乳饮,milk-dairy-drinks,007001144,,规格: 1*8盒*6 / 单位: 盒,
8caa88fb65ed,蔓吉新品香芋芝芝魔方,1*8盒*6,盒,扬州和华,扬州和华,001,牛奶/乳饮,007,乳饮,milk-dairy-drinks,099001145,,规格: 1*8盒*6 / 单位: 盒,
7b2be4c6622e,蔓吉新品和风抹茶魔方,1*8盒*6,盒,扬州和华,扬州和华,001,牛奶/乳饮,007,乳饮,milk-dairy-drinks,099001146,,规格: 1*8盒*6 / 单位: 盒,
dbbd416b7945,蔓吉新品荔枝玫瑰魔方,1*8盒*6,盒,扬州和华,扬州和华,001,牛奶/乳饮,007,乳饮,milk-dairy-drinks,099001147,,规格: 1*8盒*6 / 单位: 盒,
4e6aa539df3e,琪雷萨马斯卡布尼奶酪,500G*6,箱,其它品类,其它品类,012,罐头/蜜饯,009,罐头/蜜饯,canned-preserves,009012307,,规格: 500G*6 / 单位: 箱,
e60d38a0b0c6,琪雷萨必然干酪,1*125g,盒,其它品类,其它品类,012,罐头/蜜饯,009,罐头/蜜饯,canned-preserves,009012308,,规格: 1*125g / 单位: 盒,
f4dac1ddf291,琪雷萨金文干酪,1*125g,盒,其它品类,其它品类,012,罐头/蜜饯,009,罐头/蜜饯,canned-preserves,009012309,,规格: 1*125g / 单位: 盒,
31cda3a83559,奈特兰马斯卡邦尼(42%脂肪）,500G*6,箱,其它品类,其它品类,012,罐头/蜜饯,009,罐头/蜜饯,canned-preserves,009012148,,规格: 500G*6 / 单位: 箱,
5c35acdf9f46,003乐菲利娜马苏里拉芝士碎,1*4袋*3KG,袋,其它品类,其它品类,012,罐头/蜜饯,009,罐头/蜜饯,canned-preserves,009012310,,规格: 1*4袋*3KG / 单位: 袋,
178e17f38557,乐芙娜西西里黄柠檬汁,12*200ML,箱,其它品类,其它品类,012,冷冻点心/速冻半成品,001,冷冻半成品,frozen-pastries-semi-finished,001012149,,规格: 12*200ML / 单位: 箱,
9318be5af442,北美红宝石切片蔓越莓干,1*11.34kg,箱,其它品类,其它品类,012,果馅/果干/果酱,006,果馅/果酱,fruit-filling-puree-jam,005012150,,规格: 1*11.34kg / 单位: 箱,
3ea2ba4202bd,南美宝石火焰提子干,1*10kg,箱,其它品类,其它品类,012,果馅/果干/果酱,006,果馅/果酱,fruit-filling-puree-jam,005012151,,规格: 1*10kg / 单位: 箱,
2250fd9b708e,金太阳奶油干酪2KG,1*6*2kg,块,金太阳,金太阳,133,调味酱/沙拉酱,002,调味/沙拉,sauces-salad-dressing,002133216,,规格: 1*6*2kg / 单位: 块,
bed375e99249,华芙莱黄油（潍粮）,1*25kg,箱,潍坊兴达油脂,潍坊兴达油脂,121,肉制品/香肠/培根,010,肉制品,meat-sausage-bacon,010121385,,规格: 1*25kg / 单位: 箱,
e7aefe9eba7f,潍粮牛乳黄油,1*25kg,箱,潍坊兴达油脂,潍坊兴达油脂,121,肉制品/香肠/培根,010,肉制品,meat-sausage-bacon,010121386,,规格: 1*25kg / 单位: 箱,
8af072052e4a,潍粮乳脂烤焙奶油,1*20kg,箱,潍坊兴达油脂,潍坊兴达油脂,121,调味酱/沙拉酱,002,调味/沙拉,sauces-salad-dressing,002121217,,规格: 1*20kg / 单位: 箱,
04ae39a8fe5e,WLBUETR无盐黄油（潍粮）,1*25kg,箱,潍坊兴达油脂,潍坊兴达油脂,121,肉制品/香肠/培根,010,肉制品,meat-sausage-bacon,010121387,,规格: 1*25kg / 单位: 箱,
